"Timestamp","Message","MessageNumber","Queue Size","Queue Difference Metric","Latency (ms)","Message Size (bytes)","Throughput (messages/sec)","Used Memory (bytes)"
"2023-08-23T12:40:41.092405","goodbys","34","2263","264","1001","10","0.29550827423167847","55484760"
"2023-08-23T12:40:42.943495","goodbys","35","2259","261","1000","10","0.6238303181534622","27533288"
"2023-08-23T12:40:44.200191","goodbys","36","2257","258","1001","10","0.7830853563038371","38561200"
"2023-08-23T12:40:45.524588","goodbys","37","2255","255","1000","10","0.7137758743754461","49837528"
"2023-08-23T12:40:46.963871","goodbys","38","2251","252","1000","10","0.6697923643670461","60529592"
"2023-08-23T12:40:48.366540","goodbys","39","2248","249","1000","10","0.7412898443291327","75631720"
"2023-08-23T12:40:49.758103","goodbys","40","2244","246","1000","10","0.7107320540156361","46207720"
"2023-08-23T12:40:51.126216","goodbys","41","2241","243","1000","10","0.8051529790660226","56630504"
"2023-08-23T12:40:52.364203","goodbys","42","2238","240","1001","10","0.7942811755361399","67419104"
"2023-08-23T12:40:53.623668","goodbys","43","2235","237","1000","10","0.7680491551459293","77993768"
"2023-08-23T12:40:54.953372","goodbys","44","2232","234","1001","10","0.778816199376947","34297760"
"2023-08-23T12:40:56.215080","goodbys","45","2229","231","1000","10","0.7710100231303008","45051584"
"2023-08-23T12:40:57.485388","goodbys","46","2226","228","1000","10","0.7987220447284346","56239256"
"2023-08-23T12:40:58.763786","goodbys","47","2223","225","1000","10","0.7917656373713381","70675768"
"2023-08-23T12:41:00.004808","goodbys","48","2220","222","1000","10","0.828500414250207","26573600"
"2023-08-23T12:41:01.219669","goodbys","49","2217","219","1000","10","0.8116883116883117","37696704"
"2023-08-23T12:41:02.444162","goodbys","50","2214","216","1000","10","0.8156606851549756","48431952"
"2023-08-23T12:41:03.687469","goodbys","51","2211","213","1000","10","0.7987220447284346","59513808"
"2023-08-23T12:41:04.914360","goodbys","52","2208","210","1000","10","0.828500414250207","70758520"
"2023-08-23T12:41:06.134135","goodbys","53","2205","207","1000","10","0.8103727714748784","27411848"
"2023-08-23T12:41:07.387826","goodbys","54","2202","204","1000","10","0.7980845969672786","39065784"
"2023-08-23T12:41:08.626531","goodbys","55","2199","201","1001","10","0.8032128514056224","53079568"
"2023-08-23T12:41:09.859035","goodbys","56","2196","198","1000","10","0.8058017727639","64688112"
"2023-08-23T12:41:11.097896","goodbys","57","2193","195","1001","10","0.819672131147541","76047656"
"2023-08-23T12:41:12.320946","goodbys","58","2190","192","1000","10","0.8237232289950577","31731240"
"2023-08-23T12:41:13.541189","goodbys","59","2187","189","1001","10","0.8223684210526316","42999336"
"2023-08-23T12:41:14.749836","goodbys","60","2184","186","1001","10","0.8136696501220504","54356224"
"2023-08-23T12:41:15.978964","goodbys","61","2181","183","1000","10","0.7874015748031495","77345352"
"2023-08-23T12:41:17.279700","goodbys","62","2178","180","1000","10","0.7980845969672786","33350624"
"2023-08-23T12:41:18.512998","goodbys","63","2175","177","1000","10","0.7867820613690009","50545168"
"2023-08-23T12:41:19.784709","goodbys","64","2172","174","1000","10","0.8210180623973727","63435896"
"2023-08-23T12:41:20.991033","goodbys","65","2169","171","1000","10","0.832639467110741","74797672"
"2023-08-23T12:41:22.192136","goodbys","66","2166","168","1000","10","0.8169934640522876","31524072"
"2023-08-23T12:41:23.425115","goodbys","67","2163","165","1000","10","0.8210180623973727","42714968"
"2023-08-23T12:41:24.633144","goodbys","68","2160","162","1000","10","0.8244023083264632","54338576"
"2023-08-23T12:41:25.847682","goodbys","69","2157","159","1000","10","0.8149959250203749","65926184"
"2023-08-23T12:41:27.081484","goodbys","70","2154","156","1001","10","0.8116883116883117","77531256"
"2023-08-23T12:41:28.315136","goodbys","71","2151","153","1000","10","0.7830853563038371","36587000"
"2023-08-23T12:41:29.605275","goodbys","72","2148","150","1001","10","0.7874015748031495","48443336"
"2023-08-23T12:41:30.854163","goodbys","73","2145","147","1000","10","0.8305647840531561","60162928"
"2023-08-23T12:41:32.055984","goodbys","74","2142","144","1001","10","0.8116883116883117","71751072"
"2023-08-23T12:41:33.287224","goodbys","75","2139","141","1000","10","0.8396305625524769","28295760"
"2023-08-23T12:41:34.487211","goodbys","76","2136","138","1000","10","0.8090614886731392","40265048"
"2023-08-23T12:41:35.712085","goodbys","77","2133","135","1000","10","0.8291873963515755","52194656"
"2023-08-23T12:41:36.927216","goodbys","78","2130","132","1000","10","0.8136696501220504","63595760"
"2023-08-23T12:41:38.152614","goodbys","79","2127","129","1000","10","0.831946755407654","76238336"
"2023-08-23T12:41:39.354652","goodbys","80","2124","126","1000","10","0.8012820512820513","35384816"
"2023-08-23T12:41:40.608552","goodbys","81","2121","123","1001","10","0.8305647840531561","47080864"
"2023-08-23T12:41:41.806567","goodbys","82","2118","120","1000","10","0.8305647840531561","59232768"
"2023-08-23T12:41:43.010020","goodbys","83","2115","117","1000","10","0.8163265306122448","70851560"
"2023-08-23T12:41:44.241885","goodbys","84","2112","114","1000","10","0.819672131147541","28001640"
"2023-08-23T12:41:45.460453","goodbys","85","2109","111","1000","10","0.7598784194528875","39694696"
"2023-08-23T12:41:46.791888","goodbys","86","2106","108","1000","10","0.7818608287724785","52429992"
"2023-08-23T12:41:48.062588","goodbys","87","2103","105","1001","10","0.8130081300813008","64323248"
"2023-08-23T12:41:49.293700","goodbys","88","2100","102","1000","10","0.8071025020177562","29251344"
"2023-08-23T12:41:50.534084","goodbys","89","2097","99","1000","10","0.8025682182985554","41528720"
"2023-08-23T12:41:51.772424","goodbys","90","2094","96","1001","10","0.8210180623973727","53683816"
"2023-08-23T12:41:52.996702","goodbys","91","2091","93","1000","10","0.8210180623973727","65339504"
"2023-08-23T12:41:54.212797","goodbys","92","2088","90","1000","10","0.819672131147541","78023328"
"2023-08-23T12:41:55.439127","goodbys","93","2085","87","1000","10","0.8084074373484236","33506256"
"2023-08-23T12:41:56.684966","goodbys","94","2082","84","1000","10","0.8006405124099278","45840584"
"2023-08-23T12:41:57.917113","goodbys","95","2079","81","1001","10","0.8264462809917356","58919864"
"2023-08-23T12:41:59.140732","goodbys","96","2076","78","1001","10","0.8116883116883117","74001744"
"2023-08-23T12:42:00.359468","goodbys","97","2073","75","1000","10","0.832639467110741","31182920"
"2023-08-23T12:42:01.570906","goodbys","98","2070","72","1000","10","0.8176614881439084","44031272"
"2023-08-23T12:42:02.785138","goodbys","99","2067","69","1000","10","0.8156606851549756","56348056"
"2023-08-23T12:42:04.036242","goodbys","100","2064","66","1000","11","0.7917656373713381","68650280"
"2023-08-23T12:42:05.274700","goodbys","101","2061","63","1000","11","0.828500414250207","26122896"
"2023-08-23T12:42:06.497242","goodbys","102","2058","60","1000","11","0.8110300081103","38610648"
"2023-08-23T12:42:07.712394","goodbys","103","2055","57","1001","11","0.8038585209003215","51321296"
"2023-08-23T12:42:08.965196","goodbys","104","2052","54","1000","11","0.7974481658692185","67019816"
"2023-08-23T12:42:10.209481","goodbys","105","2049","51","1000","11","0.8278145695364238","24851936"
"2023-08-23T12:42:11.426336","goodbys","106","2046","48","1001","11","0.8012820512820513","37799848"
"2023-08-23T12:42:12.687903","goodbys","107","2043","45","1000","11","0.8032128514056224","50194800"
"2023-08-23T12:42:13.920055","goodbys","108","2040","42","1000","11","0.8019246190858058","63140152"
"2023-08-23T12:42:15.150532","goodbys","109","2037","39","1000","11","0.8340283569641367","75560104"
"2023-08-23T12:42:16.345026","goodbys","110","2034","36","1000","11","0.8130081300813008","32997936"
"2023-08-23T12:42:17.595310","goodbys","111","2031","33","1000","11","0.8291873963515755","45742928"
"2023-08-23T12:42:18.791066","goodbys","112","2028","30","1000","11","0.7800312012480499","63863064"
"2023-08-23T12:42:20.068706","goodbys","113","2025","27","1000","11","0.8103727714748784","78010408"
"2023-08-23T12:42:21.314510","goodbys","114","2022","24","1000","11","0.8163265306122448","35546528"
"2023-08-23T12:42:22.524275","goodbys","115","2019","21","1000","11","0.8230452674897119","48492800"
"2023-08-23T12:42:23.772974","goodbys","116","2016","18","1000","11","0.7836990595611285","61431120"
"2023-08-23T12:42:25.015142","goodbys","117","2013","15","1000","11","0.8230452674897119","73855456"
"2023-08-23T12:42:26.231510","goodbys","118","2010","12","1000","11","0.8223684210526316","32733656"
"2023-08-23T12:42:27.455971","goodbys","119","2007","9","1000","11","0.8230452674897119","45440448"
"2023-08-23T12:42:28.667322","goodbys","120","2004","6","1000","11","0.8163265306122448","58477736"
"2023-08-23T12:42:29.886320","goodbys","121","2001","3","1000","11","0.8368200836820083","75083288"
"2023-08-23T12:42:31.083045","goodbys","122","1998","0","1000","11","0.831946755407654","32859288"
"2023-08-23T12:42:32.292488","goodbys","123","1995","997","1000","11","0.8203445447087776","45891880"
"2023-08-23T12:42:33.507266","goodbys","124","1993","994","1000","11","0.831946755407654","59429144"
"2023-08-23T12:42:34.706697","goodbys","125","1991","992","1000","11","0.8368200836820083","72453720"
"2023-08-23T12:42:35.920139","goodbys","126","1989","990","1000","11","0.8183306055646481","30558264"
"2023-08-23T12:42:37.132428","goodbys","127","1987","988","1000","11","0.8298755186721991","44136824"
"2023-08-23T12:42:38.323403","goodbys","128","1985","986","1001","11","0.8333333333333334","57551024"
"2023-08-23T12:42:39.528715","goodbys","129","1983","984","1001","11","0.8136696501220504","73674712"
"2023-08-23T12:42:40.763016","goodbys","130","1981","982","1000","11","0.8136696501220504","31851920"
"2023-08-23T12:42:41.992731","goodbys","131","1979","980","1000","11","0.8216926869350862","44940656"
"2023-08-23T12:42:43.201315","goodbys","132","1977","978","1000","11","0.8203445447087776","58497656"
"2023-08-23T12:42:44.421491","goodbys","133","1975","976","1000","11","0.8368200836820083","71591232"
"2023-08-23T12:42:45.616411","goodbys","134","1973","974","1000","11","0.8123476848090982","30222728"
"2023-08-23T12:42:46.861621","goodbys","135","1971","972","1000","11","0.8130081300813008","43903888"
"2023-08-23T12:42:48.079041","goodbys","136","1969","970","1000","11","0.8278145695364238","57804856"
"2023-08-23T12:42:49.283902","goodbys","137","1967","968","1000","11","0.8298755186721991","76701744"
"2023-08-23T12:42:50.496576","goodbys","138","1965","966","1000","11","0.8103727714748784","34561456"
"2023-08-23T12:42:51.738204","goodbys","139","1963","964","1000","11","0.8271298593879238","48658424"
"2023-08-23T12:42:52.943654","goodbys","140","1961","962","1000","11","0.8190008190008189","61719064"
"2023-08-23T12:42:54.165725","goodbys","141","1959","960","1000","11","0.8090614886731392","75831872"
"2023-08-23T12:42:55.395018","goodbys","142","1957","958","1000","11","0.8361204013377926","34012488"
"2023-08-23T12:42:56.596425","goodbys","143","1955","956","1000","11","0.8203445447087776","47639192"
"2023-08-23T12:42:57.810717","goodbys","144","1953","954","1000","11","0.8223684210526316","61508512"
"2023-08-23T12:42:59.035070","goodbys","145","1951","952","1000","11","0.819672131147541","75148832"
"2023-08-23T12:43:00.249900","goodbys","146","1949","950","1001","11","0.7936507936507936","37402048"
"2023-08-23T12:43:01.502879","goodbys","147","1947","948","1000","11","0.8298755186721991","51647200"
"2023-08-23T12:43:02.719697","goodbys","148","1945","946","1001","11","0.828500414250207","64841888"
"2023-08-23T12:43:03.915342","goodbys","149","1943","944","1000","11","0.7993605115907275","78492768"
"2023-08-23T12:43:05.170985","goodbys","150","1941","942","1000","11","0.8333333333333334","36946720"
"2023-08-23T12:43:06.370799","goodbys","151","1939","940","1000","11","0.8230452674897119","50580472"
"2023-08-23T12:43:07.579710","goodbys","152","1937","938","1000","11","0.8496176720475785","65059640"
"2023-08-23T12:43:08.760744","goodbys","153","1935","936","1001","11","0.8090614886731392","78691592"
"2023-08-23T12:43:10.000994","goodbys","154","1933","934","1000","11","0.8156606851549756","41073544"
"2023-08-23T12:43:11.220560","goodbys","155","1931","932","1001","11","0.7961783439490446","54794104"
"2023-08-23T12:43:12.474727","goodbys","156","1929","930","1001","11","0.8474576271186441","68530392"
"2023-08-23T12:43:13.662559","goodbys","157","1927","928","1000","11","0.8375209380234506","28300944"
